Suburb,No_of_Crimes,Crime_Type_1,Crime_Type_2,Crime_Type_3
ADELAIDE,47679,THEFT AND RELATED OFFENCES,ACTS INTENDED TO CAUSE INJURY,PROPERTY DAMAGE AND ENVIRONMENTAL
MORPHETT VALE,10046,THEFT AND RELATED OFFENCES,PROPERTY DAMAGE AND ENVIRONMENTAL,ACTS INTENDED TO CAUSE INJURY
SALISBURY,9556,THEFT AND RELATED OFFENCES,ACTS INTENDED TO CAUSE INJURY,PROPERTY DAMAGE AND ENVIRONMENTAL
ELIZABETH,8395,THEFT AND RELATED OFFENCES,ACTS INTENDED TO CAUSE INJURY,PROPERTY DAMAGE AND ENVIRONMENTAL
OAKLANDS PARK,7939,THEFT AND RELATED OFFENCES,PROPERTY DAMAGE AND ENVIRONMENTAL,ACTS INTENDED TO CAUSE INJURY
PARALOWIE,6410,THEFT AND RELATED OFFENCES,ACTS INTENDED TO CAUSE INJURY,PROPERTY DAMAGE AND ENVIRONMENTAL
PROSPECT,6335,THEFT AND RELATED OFFENCES,PROPERTY DAMAGE AND ENVIRONMENTAL,SERIOUS CRIMINAL TRESPASS
SMITHFIELD,6244,THEFT AND RELATED OFFENCES,PROPERTY DAMAGE AND ENVIRONMENTAL,ACTS INTENDED TO CAUSE INJURY
KILBURN,6073,THEFT AND RELATED OFFENCES,ACTS INTENDED TO CAUSE INJURY,PROPERTY DAMAGE AND ENVIRONMENTAL
MODBURY,6045,THEFT AND RELATED OFFENCES,ACTS INTENDED TO CAUSE INJURY,PROPERTY DAMAGE AND ENVIRONMENTAL
DAVOREN PARK,5930,THEFT AND RELATED OFFENCES,ACTS INTENDED TO CAUSE INJURY,PROPERTY DAMAGE AND ENVIRONMENTAL
PARAFIELD GARDENS,5753,THEFT AND RELATED OFFENCES,ACTS INTENDED TO CAUSE INJURY,PROPERTY DAMAGE AND ENVIRONMENTAL
MAWSON LAKES,5449,THEFT AND RELATED OFFENCES,PROPERTY DAMAGE AND ENVIRONMENTAL,ACTS INTENDED TO CAUSE INJURY
SALISBURY DOWNS,4945,THEFT AND RELATED OFFENCES,ACTS INTENDED TO CAUSE INJURY,PROPERTY DAMAGE AND ENVIRONMENTAL
SALISBURY NORTH,4795,ACTS INTENDED TO CAUSE INJURY,THEFT AND RELATED OFFENCES,PROPERTY DAMAGE AND ENVIRONMENTAL
MUNNO PARA,4596,THEFT AND RELATED OFFENCES,PROPERTY DAMAGE AND ENVIRONMENTAL,ACTS INTENDED TO CAUSE INJURY
NORTH ADELAIDE,4594,THEFT AND RELATED OFFENCES,PROPERTY DAMAGE AND ENVIRONMENTAL,ACTS INTENDED TO CAUSE INJURY
BLAIR ATHOL,4548,THEFT AND RELATED OFFENCES,PROPERTY DAMAGE AND ENVIRONMENTAL,ACTS INTENDED TO CAUSE INJURY
PORT ADELAIDE,4455,THEFT AND RELATED OFFENCES,ACTS INTENDED TO CAUSE INJURY,PROPERTY DAMAGE AND ENVIRONMENTAL
WEST LAKES,4432,THEFT AND RELATED OFFENCES,PROPERTY DAMAGE AND ENVIRONMENTAL,ACTS INTENDED TO CAUSE INJURY
SEATON,4371,THEFT AND RELATED OFFENCES,PROPERTY DAMAGE AND ENVIRONMENTAL,ACTS INTENDED TO CAUSE INJURY
CHRISTIE DOWNS,4352,PROPERTY DAMAGE AND ENVIRONMENTAL,ACTS INTENDED TO CAUSE INJURY,THEFT AND RELATED OFFENCES
GLENELG,4172,THEFT AND RELATED OFFENCES,ACTS INTENDED TO CAUSE INJURY,PROPERTY DAMAGE AND ENVIRONMENTAL
CHRISTIES BEACH,4167,THEFT AND RELATED OFFENCES,PROPERTY DAMAGE AND ENVIRONMENTAL,ACTS INTENDED TO CAUSE INJURY
ELIZABETH SOUTH,4080,THEFT AND RELATED OFFENCES,PROPERTY DAMAGE AND ENVIRONMENTAL,ACTS INTENDED TO CAUSE INJURY
FINDON,4075,THEFT AND RELATED OFFENCES,PROPERTY DAMAGE AND ENVIRONMENTAL,ACTS INTENDED TO CAUSE INJURY
INGLE FARM,4051,THEFT AND RELATED OFFENCES,PROPERTY DAMAGE AND ENVIRONMENTAL,ACTS INTENDED TO CAUSE INJURY
MOUNT BARKER,3949,THEFT AND RELATED OFFENCES,PROPERTY DAMAGE AND ENVIRONMENTAL,ACTS INTENDED TO CAUSE INJURY
POORAKA,3946,THEFT AND RELATED OFFENCES,PROPERTY DAMAGE AND ENVIRONMENTAL,ACTS INTENDED TO CAUSE INJURY
EDWARDSTOWN,3930,THEFT AND RELATED OFFENCES,PROPERTY DAMAGE AND ENVIRONMENTAL,ACTS INTENDED TO CAUSE INJURY
ELIZABETH DOWNS,3836,THEFT AND RELATED OFFENCES,ACTS INTENDED TO CAUSE INJURY,PROPERTY DAMAGE AND ENVIRONMENTAL
ELIZABETH VALE,3742,THEFT AND RELATED OFFENCES,ACTS INTENDED TO CAUSE INJURY,PROPERTY DAMAGE AND ENVIRONMENTAL
NORWOOD,3244,THEFT AND RELATED OFFENCES,PROPERTY DAMAGE AND ENVIRONMENTAL,ACTS INTENDED TO CAUSE INJURY
BLAKEVIEW,3198,THEFT AND RELATED OFFENCES,PROPERTY DAMAGE AND ENVIRONMENTAL,ACTS INTENDED TO CAUSE INJURY
ELIZABETH EAST,3119,ACTS INTENDED TO CAUSE INJURY,THEFT AND RELATED OFFENCES,PROPERTY DAMAGE AND ENVIRONMENTAL
BROMPTON,2853,THEFT AND RELATED OFFENCES,PROPERTY DAMAGE AND ENVIRONMENTAL,ACTS INTENDED TO CAUSE INJURY
MILE END,2798,THEFT AND RELATED OFFENCES,PROPERTY DAMAGE AND ENVIRONMENTAL,SERIOUS CRIMINAL TRESPASS
SEAFORD,2782,THEFT AND RELATED OFFENCES,PROPERTY DAMAGE AND ENVIRONMENTAL,ACTS INTENDED TO CAUSE INJURY
ANDREWS FARM,2747,THEFT AND RELATED OFFENCES,PROPERTY DAMAGE AND ENVIRONMENTAL,ACTS INTENDED TO CAUSE INJURY
ELIZABETH PARK,2734,THEFT AND RELATED OFFENCES,ACTS INTENDED TO CAUSE INJURY,PROPERTY DAMAGE AND ENVIRONMENTAL
ENFIELD,2724,THEFT AND RELATED OFFENCES,PROPERTY DAMAGE AND ENVIRONMENTAL,ACTS INTENDED TO CAUSE INJURY
GOLDEN GROVE,2720,THEFT AND RELATED OFFENCES,ACTS INTENDED TO CAUSE INJURY,PROPERTY DAMAGE AND ENVIRONMENTAL
PLYMPTON,2719,THEFT AND RELATED OFFENCES,PROPERTY DAMAGE AND ENVIRONMENTAL,ACTS INTENDED TO CAUSE INJURY
ELIZABETH NORTH,2713,THEFT AND RELATED OFFENCES,ACTS INTENDED TO CAUSE INJURY,PROPERTY DAMAGE AND ENVIRONMENTAL
PARA HILLS,2692,THEFT AND RELATED OFFENCES,PROPERTY DAMAGE AND ENVIRONMENTAL,ACTS INTENDED TO CAUSE INJURY
CRAIGMORE,2617,THEFT AND RELATED OFFENCES,ACTS INTENDED TO CAUSE INJURY,PROPERTY DAMAGE AND ENVIRONMENTAL
PARA HILLS WEST,2548,THEFT AND RELATED OFFENCES,PROPERTY DAMAGE AND ENVIRONMENTAL,ACTS INTENDED TO CAUSE INJURY
GEPPS CROSS,2467,THEFT AND RELATED OFFENCES,ACTS INTENDED TO CAUSE INJURY,PROPERTY DAMAGE AND ENVIRONMENTAL
ALDINGA BEACH,2462,THEFT AND RELATED OFFENCES,PROPERTY DAMAGE AND ENVIRONMENTAL,ACTS INTENDED TO CAUSE INJURY
TAPEROO,2441,THEFT AND RELATED OFFENCES,ACTS INTENDED TO CAUSE INJURY,PROPERTY DAMAGE AND ENVIRONMENTAL
MITCHELL PARK,2436,THEFT AND RELATED OFFENCES,PROPERTY DAMAGE AND ENVIRONMENTAL,ACTS INTENDED TO CAUSE INJURY
SALISBURY EAST,2401,THEFT AND RELATED OFFENCES,ACTS INTENDED TO CAUSE INJURY,PROPERTY DAMAGE AND ENVIRONMENTAL
GILLES PLAINS,2373,THEFT AND RELATED OFFENCES,PROPERTY DAMAGE AND ENVIRONMENTAL,ACTS INTENDED TO CAUSE INJURY
ANGLE VALE,2366,THEFT AND RELATED OFFENCES,SERIOUS CRIMINAL TRESPASS,ACTS INTENDED TO CAUSE INJURY
SEMAPHORE PARK,2363,THEFT AND RELATED OFFENCES,PROPERTY DAMAGE AND ENVIRONMENTAL,ACTS INTENDED TO CAUSE INJURY
HILLBANK,2362,THEFT AND RELATED OFFENCES,PROPERTY DAMAGE AND ENVIRONMENTAL,SERIOUS CRIMINAL TRESPASS
SMITHFIELD PLAINS,2354,THEFT AND RELATED OFFENCES,ACTS INTENDED TO CAUSE INJURY,PROPERTY DAMAGE AND ENVIRONMENTAL
CAMPBELLTOWN,2338,THEFT AND RELATED OFFENCES,PROPERTY DAMAGE AND ENVIRONMENTAL,ACTS INTENDED TO CAUSE INJURY
ROSEWATER,2307,THEFT AND RELATED OFFENCES,ACTS INTENDED TO CAUSE INJURY,PROPERTY DAMAGE AND ENVIRONMENTAL
TORRENSVILLE,2293,THEFT AND RELATED OFFENCES,PROPERTY DAMAGE AND ENVIRONMENTAL,SERIOUS CRIMINAL TRESPASS
KILKENNY,2279,THEFT AND RELATED OFFENCES,ACTS INTENDED TO CAUSE INJURY,PROPERTY DAMAGE AND ENVIRONMENTAL
BURTON,2268,THEFT AND RELATED OFFENCES,PROPERTY DAMAGE AND ENVIRONMENTAL,ACTS INTENDED TO CAUSE INJURY
GREENACRES,2245,THEFT AND RELATED OFFENCES,PROPERTY DAMAGE AND ENVIRONMENTAL,ACTS INTENDED TO CAUSE INJURY
NORTHFIELD,2220,THEFT AND RELATED OFFENCES,ACTS INTENDED TO CAUSE INJURY,PROPERTY DAMAGE AND ENVIRONMENTAL
KLEMZIG,2100,THEFT AND RELATED OFFENCES,PROPERTY DAMAGE AND ENVIRONMENTAL,ACTS INTENDED TO CAUSE INJURY
GAWLER,2068,THEFT AND RELATED OFFENCES,PROPERTY DAMAGE AND ENVIRONMENTAL,ACTS INTENDED TO CAUSE INJURY
BRIGHTON,2061,THEFT AND RELATED OFFENCES,PROPERTY DAMAGE AND ENVIRONMENTAL,ACTS INTENDED TO CAUSE INJURY
CLEARVIEW,2056,THEFT AND RELATED OFFENCES,PROPERTY DAMAGE AND ENVIRONMENTAL,ACTS INTENDED TO CAUSE INJURY
PENNINGTON,2044,THEFT AND RELATED OFFENCES,PROPERTY DAMAGE AND ENVIRONMENTAL,ACTS INTENDED TO CAUSE INJURY
HINDMARSH,2031,THEFT AND RELATED OFFENCES,PROPERTY DAMAGE AND ENVIRONMENTAL,SERIOUS CRIMINAL TRESPASS
NEWTON,2028,THEFT AND RELATED OFFENCES,PROPERTY DAMAGE AND ENVIRONMENTAL,ACTS INTENDED TO CAUSE INJURY
OLD REYNELLA,1978,THEFT AND RELATED OFFENCES,PROPERTY DAMAGE AND ENVIRONMENTAL,ACTS INTENDED TO CAUSE INJURY
HENLEY BEACH,1933,THEFT AND RELATED OFFENCES,ACTS INTENDED TO CAUSE INJURY,PROPERTY DAMAGE AND ENVIRONMENTAL
WINDSOR GARDENS,1908,THEFT AND RELATED OFFENCES,ACTS INTENDED TO CAUSE INJURY,PROPERTY DAMAGE AND ENVIRONMENTAL
ST MARYS,1907,THEFT AND RELATED OFFENCES,SERIOUS CRIMINAL TRESPASS,PROPERTY DAMAGE AND ENVIRONMENTAL
BROOKLYN PARK,1863,THEFT AND RELATED OFFENCES,PROPERTY DAMAGE AND ENVIRONMENTAL,ACTS INTENDED TO CAUSE INJURY
HACKHAM WEST,1857,ACTS INTENDED TO CAUSE INJURY,PROPERTY DAMAGE AND ENVIRONMENTAL,THEFT AND RELATED OFFENCES
GLENELG NORTH,1832,THEFT AND RELATED OFFENCES,PROPERTY DAMAGE AND ENVIRONMENTAL,ACTS INTENDED TO CAUSE INJURY
UNLEY,1802,THEFT AND RELATED OFFENCES,PROPERTY DAMAGE AND ENVIRONMENTAL,SERIOUS CRIMINAL TRESPASS
LARGS BAY,1797,THEFT AND RELATED OFFENCES,PROPERTY DAMAGE AND ENVIRONMENTAL,ACTS INTENDED TO CAUSE INJURY
WOODVILLE SOUTH,1786,THEFT AND RELATED OFFENCES,ACTS INTENDED TO CAUSE INJURY,PROPERTY DAMAGE AND ENVIRONMENTAL
HOLDEN HILL,1766,THEFT AND RELATED OFFENCES,PROPERTY DAMAGE AND ENVIRONMENTAL,ACTS INTENDED TO CAUSE INJURY
ELIZABETH GROVE,1760,PROPERTY DAMAGE AND ENVIRONMENTAL,ACTS INTENDED TO CAUSE INJURY,THEFT AND RELATED OFFENCES
ABERFOYLE PARK,1736,THEFT AND RELATED OFFENCES,PROPERTY DAMAGE AND ENVIRONMENTAL,ACTS INTENDED TO CAUSE INJURY
MUNNO PARA WEST,1728,ACTS INTENDED TO CAUSE INJURY,THEFT AND RELATED OFFENCES,PROPERTY DAMAGE AND ENVIRONMENTAL
BROADVIEW,1721,THEFT AND RELATED OFFENCES,SERIOUS CRIMINAL TRESPASS,PROPERTY DAMAGE AND ENVIRONMENTAL
ST CLAIR,1708,THEFT AND RELATED OFFENCES,PROPERTY DAMAGE AND ENVIRONMENTAL,SERIOUS CRIMINAL TRESPASS
PARADISE,1702,THEFT AND RELATED OFFENCES,PROPERTY DAMAGE AND ENVIRONMENTAL,ACTS INTENDED TO CAUSE INJURY
CROYDON PARK,1700,THEFT AND RELATED OFFENCES,PROPERTY DAMAGE AND ENVIRONMENTAL,ACTS INTENDED TO CAUSE INJURY
MANSFIELD PARK,1700,THEFT AND RELATED OFFENCES,PROPERTY DAMAGE AND ENVIRONMENTAL,ACTS INTENDED TO CAUSE INJURY
KURRALTA PARK,1691,THEFT AND RELATED OFFENCES,PROPERTY DAMAGE AND ENVIRONMENTAL,ACTS INTENDED TO CAUSE INJURY
VALLEY VIEW,1677,THEFT AND RELATED OFFENCES,PROPERTY DAMAGE AND ENVIRONMENTAL,ACTS INTENDED TO CAUSE INJURY
HALLETT COVE,1653,THEFT AND RELATED OFFENCES,PROPERTY DAMAGE AND ENVIRONMENTAL,ACTS INTENDED TO CAUSE INJURY
GLENSIDE,1642,THEFT AND RELATED OFFENCES,ACTS INTENDED TO CAUSE INJURY,PROPERTY DAMAGE AND ENVIRONMENTAL
EVANSTON,1636,THEFT AND RELATED OFFENCES,PROPERTY DAMAGE AND ENVIRONMENTAL,ACTS INTENDED TO CAUSE INJURY
FERRYDEN PARK,1628,THEFT AND RELATED OFFENCES,PROPERTY DAMAGE AND ENVIRONMENTAL,ACTS INTENDED TO CAUSE INJURY
PARK HOLME,1620,THEFT AND RELATED OFFENCES,PROPERTY DAMAGE AND ENVIRONMENTAL,ACTS INTENDED TO CAUSE INJURY
WEST CROYDON,1615,THEFT AND RELATED OFFENCES,PROPERTY DAMAGE AND ENVIRONMENTAL,ACTS INTENDED TO CAUSE INJURY
LIGHTSVIEW,1607,THEFT AND RELATED OFFENCES,PROPERTY DAMAGE AND ENVIRONMENTAL,SERIOUS CRIMINAL TRESPASS
WOODVILLE,1576,THEFT AND RELATED OFFENCES,PROPERTY DAMAGE AND ENVIRONMENTAL,ACTS INTENDED TO CAUSE INJURY
MARION,1567,THEFT AND RELATED OFFENCES,PROPERTY DAMAGE AND ENVIRONMENTAL,SERIOUS CRIMINAL TRESPASS
SEAFORD MEADOWS,1566,PROPERTY DAMAGE AND ENVIRONMENTAL,THEFT AND RELATED OFFENCES,ACTS INTENDED TO CAUSE INJURY
PARKSIDE,1561,THEFT AND RELATED OFFENCES,PROPERTY DAMAGE AND ENVIRONMENTAL,SERIOUS CRIMINAL TRESPASS
HOPE VALLEY,1546,THEFT AND RELATED OFFENCES,PROPERTY DAMAGE AND ENVIRONMENTAL,ACTS INTENDED TO CAUSE INJURY
WOODCROFT,1530,THEFT AND RELATED OFFENCES,PROPERTY DAMAGE AND ENVIRONMENTAL,ACTS INTENDED TO CAUSE INJURY
NOARLUNGA DOWNS,1525,THEFT AND RELATED OFFENCES,PROPERTY DAMAGE AND ENVIRONMENTAL,ACTS INTENDED TO CAUSE INJURY
RIDLEYTON,1510,THEFT AND RELATED OFFENCES,PROPERTY DAMAGE AND ENVIRONMENTAL,ACTS INTENDED TO CAUSE INJURY
GLANDORE,1505,THEFT AND RELATED OFFENCES,PROPERTY DAMAGE AND ENVIRONMENTAL,SERIOUS CRIMINAL TRESPASS
WOODVILLE WEST,1498,THEFT AND RELATED OFFENCES,PROPERTY DAMAGE AND ENVIRONMENTAL,ACTS INTENDED TO CAUSE INJURY
ROYAL PARK,1498,THEFT AND RELATED OFFENCES,PROPERTY DAMAGE AND ENVIRONMENTAL,ACTS INTENDED TO CAUSE INJURY
HILLCREST,1458,THEFT AND RELATED OFFENCES,PROPERTY DAMAGE AND ENVIRONMENTAL,ACTS INTENDED TO CAUSE INJURY
ASCOT PARK,1454,THEFT AND RELATED OFFENCES,PROPERTY DAMAGE AND ENVIRONMENTAL,SERIOUS CRIMINAL TRESPASS
GRANGE,1450,THEFT AND RELATED OFFENCES,PROPERTY DAMAGE AND ENVIRONMENTAL,SERIOUS CRIMINAL TRESPASS
ANGLE PARK,1437,THEFT AND RELATED OFFENCES,ACTS INTENDED TO CAUSE INJURY,PROPERTY DAMAGE AND ENVIRONMENTAL
FULLARTON,1431,THEFT AND RELATED OFFENCES,PROPERTY DAMAGE AND ENVIRONMENTAL,ACTS INTENDED TO CAUSE INJURY
MAGILL,1425,THEFT AND RELATED OFFENCES,PROPERTY DAMAGE AND ENVIRONMENTAL,SERIOUS CRIMINAL TRESPASS
WALKERVILLE,1418,THEFT AND RELATED OFFENCES,PROPERTY DAMAGE AND ENVIRONMENTAL,SERIOUS CRIMINAL TRESPASS
WOODVILLE NORTH,1410,THEFT AND RELATED OFFENCES,PROPERTY DAMAGE AND ENVIRONMENTAL,SERIOUS CRIMINAL TRESPASS
HACKHAM,1408,THEFT AND RELATED OFFENCES,PROPERTY DAMAGE AND ENVIRONMENTAL,ACTS INTENDED TO CAUSE INJURY
SOUTH PLYMPTON,1408,THEFT AND RELATED OFFENCES,PROPERTY DAMAGE AND ENVIRONMENTAL,ACTS INTENDED TO CAUSE INJURY
WEST BEACH,1406,THEFT AND RELATED OFFENCES,PROPERTY DAMAGE AND ENVIRONMENTAL,ACTS INTENDED TO CAUSE INJURY
FLINDERS PARK,1399,THEFT AND RELATED OFFENCES,PROPERTY DAMAGE AND ENVIRONMENTAL,SERIOUS CRIMINAL TRESPASS
HUNTFIELD HEIGHTS,1387,PROPERTY DAMAGE AND ENVIRONMENTAL,ACTS INTENDED TO CAUSE INJURY,THEFT AND RELATED OFFENCES
BRAHMA LODGE,1382,THEFT AND RELATED OFFENCES,ACTS INTENDED TO CAUSE INJURY,PROPERTY DAMAGE AND ENVIRONMENTAL
BOWDEN,1365,THEFT AND RELATED OFFENCES,PROPERTY DAMAGE AND ENVIRONMENTAL,SERIOUS CRIMINAL TRESPASS
SEMAPHORE,1365,THEFT AND RELATED OFFENCES,ACTS INTENDED TO CAUSE INJURY,PROPERTY DAMAGE AND ENVIRONMENTAL
WINGFIELD,1332,THEFT AND RELATED OFFENCES,PROPERTY DAMAGE AND ENVIRONMENTAL,SERIOUS CRIMINAL TRESPASS
PLYMPTON PARK,1317,THEFT AND RELATED OFFENCES,PROPERTY DAMAGE AND ENVIRONMENTAL,ACTS INTENDED TO CAUSE INJURY
CAMDEN PARK,1311,THEFT AND RELATED OFFENCES,PROPERTY DAMAGE AND ENVIRONMENTAL,SERIOUS CRIMINAL TRESPASS
HILTON,1311,THEFT AND RELATED OFFENCES,PROPERTY DAMAGE AND ENVIRONMENTAL,SERIOUS CRIMINAL TRESPASS
KENT TOWN,1310,THEFT AND RELATED OFFENCES,PROPERTY DAMAGE AND ENVIRONMENTAL,SERIOUS CRIMINAL TRESPASS
SEAFORD RISE,1309,PROPERTY DAMAGE AND ENVIRONMENTAL,ACTS INTENDED TO CAUSE INJURY,THEFT AND RELATED OFFENCES
WAYVILLE,1296,THEFT AND RELATED OFFENCES,SERIOUS CRIMINAL TRESPASS,PROPERTY DAMAGE AND ENVIRONMENTAL
WARRADALE,1281,THEFT AND RELATED OFFENCES,PROPERTY DAMAGE AND ENVIRONMENTAL,SERIOUS CRIMINAL TRESPASS
HAPPY VALLEY,1277,THEFT AND RELATED OFFENCES,PROPERTY DAMAGE AND ENVIRONMENTAL,ACTS INTENDED TO CAUSE INJURY
MODBURY NORTH,1277,THEFT AND RELATED OFFENCES,PROPERTY DAMAGE AND ENVIRONMENTAL,ACTS INTENDED TO CAUSE INJURY
MORPHETTVILLE,1263,THEFT AND RELATED OFFENCES,PROPERTY DAMAGE AND ENVIRONMENTAL,ACTS INTENDED TO CAUSE INJURY
GLENGOWRIE,1263,THEFT AND RELATED OFFENCES,PROPERTY DAMAGE AND ENVIRONMENTAL,SERIOUS CRIMINAL TRESPASS
REYNELLA,1261,THEFT AND RELATED OFFENCES,PROPERTY DAMAGE AND ENVIRONMENTAL,ACTS INTENDED TO CAUSE INJURY
SOMERTON PARK,1240,THEFT AND RELATED OFFENCES,PROPERTY DAMAGE AND ENVIRONMENTAL,SERIOUS CRIMINAL TRESPASS
ALBERTON,1227,THEFT AND RELATED OFFENCES,ACTS INTENDED TO CAUSE INJURY,PROPERTY DAMAGE AND ENVIRONMENTAL
NORTH HAVEN,1224,THEFT AND RELATED OFFENCES,PROPERTY DAMAGE AND ENVIRONMENTAL,ACTS INTENDED TO CAUSE INJURY
FULHAM GARDENS,1196,THEFT AND RELATED OFFENCES,PROPERTY DAMAGE AND ENVIRONMENTAL,SERIOUS CRIMINAL TRESPASS
VIRGINIA,1193,THEFT AND RELATED OFFENCES,PROPERTY DAMAGE AND ENVIRONMENTAL,SERIOUS CRIMINAL TRESPASS
WOODVILLE GARDENS,1183,THEFT AND RELATED OFFENCES,PROPERTY DAMAGE AND ENVIRONMENTAL,ACTS INTENDED TO CAUSE INJURY
ST AGNES,1162,THEFT AND RELATED OFFENCES,PROPERTY DAMAGE AND ENVIRONMENTAL,ACTS INTENDED TO CAUSE INJURY
WOODVILLE PARK,1139,THEFT AND RELATED OFFENCES,PROPERTY DAMAGE AND ENVIRONMENTAL,SERIOUS CRIMINAL TRESPASS
BEDFORD PARK,1134,THEFT AND RELATED OFFENCES,ACTS INTENDED TO CAUSE INJURY,PROPERTY DAMAGE AND ENVIRONMENTAL
THEBARTON,1132,THEFT AND RELATED OFFENCES,PROPERTY DAMAGE AND ENVIRONMENTAL,SERIOUS CRIMINAL TRESPASS
GLENELG EAST,1113,THEFT AND RELATED OFFENCES,PROPERTY DAMAGE AND ENVIRONMENTAL,SERIOUS CRIMINAL TRESPASS
GREENWITH,1112,THEFT AND RELATED OFFENCES,ACTS INTENDED TO CAUSE INJURY,PROPERTY DAMAGE AND ENVIRONMENTAL
DRY CREEK,1110,THEFT AND RELATED OFFENCES,PROPERTY DAMAGE AND ENVIRONMENTAL,SERIOUS CRIMINAL TRESPASS
GOODWOOD,1083,THEFT AND RELATED OFFENCES,SERIOUS CRIMINAL TRESPASS,PROPERTY DAMAGE AND ENVIRONMENTAL
RICHMOND,1079,THEFT AND RELATED OFFENCES,PROPERTY DAMAGE AND ENVIRONMENTAL,SERIOUS CRIMINAL TRESPASS
OTTOWAY,1075,THEFT AND RELATED OFFENCES,ACTS INTENDED TO CAUSE INJURY,PROPERTY DAMAGE AND ENVIRONMENTAL
SEACOMBE GARDENS,1057,PROPERTY DAMAGE AND ENVIRONMENTAL,THEFT AND RELATED OFFENCES,ACTS INTENDED TO CAUSE INJURY
UNDERDALE,1053,THEFT AND RELATED OFFENCES,PROPERTY DAMAGE AND ENVIRONMENTAL,SERIOUS CRIMINAL TRESPASS
FULHAM,1053,THEFT AND RELATED OFFENCES,PROPERTY DAMAGE AND ENVIRONMENTAL,SERIOUS CRIMINAL TRESPASS
HECTORVILLE,1046,THEFT AND RELATED OFFENCES,PROPERTY DAMAGE AND ENVIRONMENTAL,ACTS INTENDED TO CAUSE INJURY
LARGS NORTH,1022,THEFT AND RELATED OFFENCES,PROPERTY DAMAGE AND ENVIRONMENTAL,ACTS INTENDED TO CAUSE INJURY
WILLASTON,1021,THEFT AND RELATED OFFENCES,PROPERTY DAMAGE AND ENVIRONMENTAL,ACTS INTENDED TO CAUSE INJURY
PORT NOARLUNGA,1018,THEFT AND RELATED OFFENCES,PROPERTY DAMAGE AND ENVIRONMENTAL,ACTS INTENDED TO CAUSE INJURY
SHEIDOW PARK,1003,THEFT AND RELATED OFFENCES,PROPERTY DAMAGE AND ENVIRONMENTAL,ACTS INTENDED TO CAUSE INJURY
CUMBERLAND PARK,1003,THEFT AND RELATED OFFENCES,PROPERTY DAMAGE AND ENVIRONMENTAL,SERIOUS CRIMINAL TRESPASS
GAWLER EAST,1000,THEFT AND RELATED OFFENCES,PROPERTY DAMAGE AND ENVIRONMENTAL,ACTS INTENDED TO CAUSE INJURY
SURREY DOWNS,995,THEFT AND RELATED OFFENCES,ACTS INTENDED TO CAUSE INJURY,PROPERTY DAMAGE AND ENVIRONMENTAL
STURT,994,PROPERTY DAMAGE AND ENVIRONMENTAL,THEFT AND RELATED OFFENCES,ACTS INTENDED TO CAUSE INJURY
SALISBURY PLAIN,983,THEFT AND RELATED OFFENCES,ACTS INTENDED TO CAUSE INJURY,PROPERTY DAMAGE AND ENVIRONMENTAL
GAWLER SOUTH,979,PROPERTY DAMAGE AND ENVIRONMENTAL,THEFT AND RELATED OFFENCES,ACTS INTENDED TO CAUSE INJURY
WYNN VALE,973,THEFT AND RELATED OFFENCES,ACTS INTENDED TO CAUSE INJURY,PROPERTY DAMAGE AND ENVIRONMENTAL
SALISBURY PARK,963,THEFT AND RELATED OFFENCES,ACTS INTENDED TO CAUSE INJURY,PROPERTY DAMAGE AND ENVIRONMENTAL
RENOWN PARK,963,THEFT AND RELATED OFFENCES,PROPERTY DAMAGE AND ENVIRONMENTAL,SERIOUS CRIMINAL TRESPASS
RIDGEHAVEN,958,THEFT AND RELATED OFFENCES,PROPERTY DAMAGE AND ENVIRONMENTAL,ACTS INTENDED TO CAUSE INJURY
CLOVELLY PARK,950,THEFT AND RELATED OFFENCES,ACTS INTENDED TO CAUSE INJURY,SERIOUS CRIMINAL TRESPASS
ATHOL PARK,949,THEFT AND RELATED OFFENCES,PROPERTY DAMAGE AND ENVIRONMENTAL,SERIOUS CRIMINAL TRESPASS
ROSTREVOR,948,THEFT AND RELATED OFFENCES,PROPERTY DAMAGE AND ENVIRONMENTAL,SERIOUS CRIMINAL TRESPASS
PETERHEAD,932,THEFT AND RELATED OFFENCES,ACTS INTENDED TO CAUSE INJURY,PROPERTY DAMAGE AND ENVIRONMENTAL
PARA VISTA,930,THEFT AND RELATED OFFENCES,ACTS INTENDED TO CAUSE INJURY,PROPERTY DAMAGE AND ENVIRONMENTAL
MODBURY HEIGHTS,926,THEFT AND RELATED OFFENCES,PROPERTY DAMAGE AND ENVIRONMENTAL,ACTS INTENDED TO CAUSE INJURY
CLARENCE PARK,919,THEFT AND RELATED OFFENCES,PROPERTY DAMAGE AND ENVIRONMENTAL,SERIOUS CRIMINAL TRESPASS
GILBERTON,916,THEFT AND RELATED OFFENCES,PROPERTY DAMAGE AND ENVIRONMENTAL,SERIOUS CRIMINAL TRESPASS
NOVAR GARDENS,915,THEFT AND RELATED OFFENCES,PROPERTY DAMAGE AND ENVIRONMENTAL,ACTS INTENDED TO CAUSE INJURY
GLEN OSMOND,912,THEFT AND RELATED OFFENCES,PROPERTY DAMAGE AND ENVIRONMENTAL,SERIOUS CRIMINAL TRESPASS
ST PETERS,910,THEFT AND RELATED OFFENCES,SERIOUS CRIMINAL TRESPASS,PROPERTY DAMAGE AND ENVIRONMENTAL
LOCKLEYS,907,THEFT AND RELATED OFFENCES,PROPERTY DAMAGE AND ENVIRONMENTAL,SERIOUS CRIMINAL TRESPASS
ATHELSTONE,903,THEFT AND RELATED OFFENCES,PROPERTY DAMAGE AND ENVIRONMENTAL,ACTS INTENDED TO CAUSE INJURY
SEFTON PARK,902,THEFT AND RELATED OFFENCES,ACTS INTENDED TO CAUSE INJURY,PROPERTY DAMAGE AND ENVIRONMENTAL
MARDEN,901,THEFT AND RELATED OFFENCES,PROPERTY DAMAGE AND ENVIRONMENTAL,SERIOUS CRIMINAL TRESPASS
EVANSTON PARK,900,THEFT AND RELATED OFFENCES,PROPERTY DAMAGE AND ENVIRONMENTAL,ACTS INTENDED TO CAUSE INJURY
DERNANCOURT,898,THEFT AND RELATED OFFENCES,SERIOUS CRIMINAL TRESPASS,PROPERTY DAMAGE AND ENVIRONMENTAL
NAILSWORTH,884,THEFT AND RELATED OFFENCES,PROPERTY DAMAGE AND ENVIRONMENTAL,SERIOUS CRIMINAL TRESPASS
WELLAND,880,THEFT AND RELATED OFFENCES,PROPERTY DAMAGE AND ENVIRONMENTAL,SERIOUS CRIMINAL TRESPASS
PASADENA,872,THEFT AND RELATED OFFENCES,ACTS INTENDED TO CAUSE INJURY,PROPERTY DAMAGE AND ENVIRONMENTAL
TRANMERE,864,THEFT AND RELATED OFFENCES,PROPERTY DAMAGE AND ENVIRONMENTAL,SERIOUS CRIMINAL TRESPASS
OAKDEN,864,THEFT AND RELATED OFFENCES,ACTS INTENDED TO CAUSE INJURY,PROPERTY DAMAGE AND ENVIRONMENTAL
OLD NOARLUNGA,853,THEFT AND RELATED OFFENCES,PROPERTY DAMAGE AND ENVIRONMENTAL,ACTS INTENDED TO CAUSE INJURY
EVANSTON GARDENS,844,THEFT AND RELATED OFFENCES,ACTS INTENDED TO CAUSE INJURY,PROPERTY DAMAGE AND ENVIRONMENTAL
GLENUNGA,843,THEFT AND RELATED OFFENCES,SERIOUS CRIMINAL TRESPASS,PROPERTY DAMAGE AND ENVIRONMENTAL
MELROSE PARK,834,THEFT AND RELATED OFFENCES,PROPERTY DAMAGE AND ENVIRONMENTAL,SERIOUS CRIMINAL TRESPASS
BEVERLEY,823,THEFT AND RELATED OFFENCES,PROPERTY DAMAGE AND ENVIRONMENTAL,SERIOUS CRIMINAL TRESPASS
KIDMAN PARK,811,THEFT AND RELATED OFFENCES,PROPERTY DAMAGE AND ENVIRONMENTAL,ACTS INTENDED TO CAUSE INJURY
O'HALLORAN HILL,801,THEFT AND RELATED OFFENCES,ACTS INTENDED TO CAUSE INJURY,PROPERTY DAMAGE AND ENVIRONMENTAL
HIGHBURY,798,THEFT AND RELATED OFFENCES,SERIOUS CRIMINAL TRESPASS,PROPERTY DAMAGE AND ENVIRONMENTAL
SALISBURY HEIGHTS,797,THEFT AND RELATED OFFENCES,ACTS INTENDED TO CAUSE INJURY,PROPERTY DAMAGE AND ENVIRONMENTAL
HENLEY BEACH SOUTH,795,THEFT AND RELATED OFFENCES,PROPERTY DAMAGE AND ENVIRONMENTAL,ACTS INTENDED TO CAUSE INJURY
OSBORNE,793,THEFT AND RELATED OFFENCES,PROPERTY DAMAGE AND ENVIRONMENTAL,ACTS INTENDED TO CAUSE INJURY
DEVON PARK,787,THEFT AND RELATED OFFENCES,PROPERTY DAMAGE AND ENVIRONMENTAL,SERIOUS CRIMINAL TRESPASS
SEAVIEW DOWNS,780,THEFT AND RELATED OFFENCES,PROPERTY DAMAGE AND ENVIRONMENTAL,ACTS INTENDED TO CAUSE INJURY
BLACKWOOD,780,THEFT AND RELATED OFFENCES,PROPERTY DAMAGE AND ENVIRONMENTAL,SERIOUS CRIMINAL TRESPASS
DARLINGTON,771,THEFT AND RELATED OFFENCES,ACTS INTENDED TO CAUSE INJURY,PROPERTY DAMAGE AND ENVIRONMENTAL
EXETER,767,THEFT AND RELATED OFFENCES,ACTS INTENDED TO CAUSE INJURY,PROPERTY DAMAGE AND ENVIRONMENTAL
MCLAREN VALE,765,THEFT AND RELATED OFFENCES,PROPERTY DAMAGE AND ENVIRONMENTAL,SERIOUS CRIMINAL TRESPASS
DOVER GARDENS,759,ACTS INTENDED TO CAUSE INJURY,PROPERTY DAMAGE AND ENVIRONMENTAL,THEFT AND RELATED OFFENCES
FELIXSTOW,755,THEFT AND RELATED OFFENCES,PROPERTY DAMAGE AND ENVIRONMENTAL,SERIOUS CRIMINAL TRESPASS
WEST LAKES SHORE,752,THEFT AND RELATED OFFENCES,SERIOUS CRIMINAL TRESPASS,PROPERTY DAMAGE AND ENVIRONMENTAL
FLAGSTAFF HILL,742,THEFT AND RELATED OFFENCES,PROPERTY DAMAGE AND ENVIRONMENTAL,ACTS INTENDED TO CAUSE INJURY
ALDINGA,727,THEFT AND RELATED OFFENCES,PROPERTY DAMAGE AND ENVIRONMENTAL,ACTS INTENDED TO CAUSE INJURY
EYRE,706,THEFT AND RELATED OFFENCES,PROPERTY DAMAGE AND ENVIRONMENTAL,SERIOUS CRIMINAL TRESPASS
O'SULLIVAN BEACH,705,PROPERTY DAMAGE AND ENVIRONMENTAL,THEFT AND RELATED OFFENCES,ACTS INTENDED TO CAUSE INJURY
HACKNEY,699,THEFT AND RELATED OFFENCES,PROPERTY DAMAGE AND ENVIRONMENTAL,SERIOUS CRIMINAL TRESPASS
CHELTENHAM,697,THEFT AND RELATED OFFENCES,PROPERTY DAMAGE AND ENVIRONMENTAL,SERIOUS CRIMINAL TRESPASS
BELAIR,674,PROPERTY DAMAGE AND ENVIRONMENTAL,THEFT AND RELATED OFFENCES,ACTS INTENDED TO CAUSE INJURY
STEPNEY,669,THEFT AND RELATED OFFENCES,SERIOUS CRIMINAL TRESPASS,PROPERTY DAMAGE AND ENVIRONMENTAL
REDWOOD PARK,665,THEFT AND RELATED OFFENCES,PROPERTY DAMAGE AND ENVIRONMENTAL,ACTS INTENDED TO CAUSE INJURY
TORRENS PARK,660,THEFT AND RELATED OFFENCES,PROPERTY DAMAGE AND ENVIRONMENTAL,SERIOUS CRIMINAL TRESPASS
NORTH PLYMPTON,656,THEFT AND RELATED OFFENCES,PROPERTY DAMAGE AND ENVIRONMENTAL,SERIOUS CRIMINAL TRESPASS
BIRKENHEAD,654,PROPERTY DAMAGE AND ENVIRONMENTAL,ACTS INTENDED TO CAUSE INJURY,THEFT AND RELATED OFFENCES
MARLESTON,652,THEFT AND RELATED OFFENCES,PROPERTY DAMAGE AND ENVIRONMENTAL,SERIOUS CRIMINAL TRESPASS
OVINGHAM,647,THEFT AND RELATED OFFENCES,PROPERTY DAMAGE AND ENVIRONMENTAL,SERIOUS CRIMINAL TRESPASS
KINGSWOOD,642,THEFT AND RELATED OFFENCES,PROPERTY DAMAGE AND ENVIRONMENTAL,ACTS INTENDED TO CAUSE INJURY
WALKLEY HEIGHTS,641,THEFT AND RELATED OFFENCES,PROPERTY DAMAGE AND ENVIRONMENTAL,ACTS INTENDED TO CAUSE INJURY
QUEENSTOWN,627,THEFT AND RELATED OFFENCES,PROPERTY DAMAGE AND ENVIRONMENTAL,ACTS INTENDED TO CAUSE INJURY
MALVERN,616,THEFT AND RELATED OFFENCES,PROPERTY DAMAGE AND ENVIRONMENTAL,SERIOUS CRIMINAL TRESPASS
HAWTHORN,613,THEFT AND RELATED OFFENCES,PROPERTY DAMAGE AND ENVIRONMENTAL,SERIOUS CRIMINAL TRESPASS
NORTHGATE,612,THEFT AND RELATED OFFENCES,PROPERTY DAMAGE AND ENVIRONMENTAL,ACTS INTENDED TO CAUSE INJURY
GLENELG SOUTH,606,THEFT AND RELATED OFFENCES,PROPERTY DAMAGE AND ENVIRONMENTAL,SERIOUS CRIMINAL TRESPASS
NORTH BRIGHTON,598,THEFT AND RELATED OFFENCES,PROPERTY DAMAGE AND ENVIRONMENTAL,ACTS INTENDED TO CAUSE INJURY
BLACK FOREST,596,THEFT AND RELATED OFFENCES,PROPERTY DAMAGE AND ENVIRONMENTAL,SERIOUS CRIMINAL TRESPASS
PORT NOARLUNGA SOUTH,589,THEFT AND RELATED OFFENCES,PROPERTY DAMAGE AND ENVIRONMENTAL,ACTS INTENDED TO CAUSE INJURY
SEACLIFF PARK,588,THEFT AND RELATED OFFENCES,ACTS INTENDED TO CAUSE INJURY,PROPERTY DAMAGE AND ENVIRONMENTAL
TEA TREE GULLY,587,THEFT AND RELATED OFFENCES,ACTS INTENDED TO CAUSE INJURY,PROPERTY DAMAGE AND ENVIRONMENTAL
HOVE,585,THEFT AND RELATED OFFENCES,PROPERTY DAMAGE AND ENVIRONMENTAL,SERIOUS CRIMINAL TRESPASS
ALBERT PARK,576,THEFT AND RELATED OFFENCES,PROPERTY DAMAGE AND ENVIRONMENTAL,ACTS INTENDED TO CAUSE INJURY
CROYDON,560,THEFT AND RELATED OFFENCES,PROPERTY DAMAGE AND ENVIRONMENTAL,ACTS INTENDED TO CAUSE INJURY
FIRLE,560,THEFT AND RELATED OFFENCES,ACTS INTENDED TO CAUSE INJURY,PROPERTY DAMAGE AND ENVIRONMENTAL
MOANA,559,THEFT AND RELATED OFFENCES,PROPERTY DAMAGE AND ENVIRONMENTAL,ACTS INTENDED TO CAUSE INJURY
EASTWOOD,553,THEFT AND RELATED OFFENCES,SERIOUS CRIMINAL TRESPASS,PROPERTY DAMAGE AND ENVIRONMENTAL
ALLENBY GARDENS,548,THEFT AND RELATED OFFENCES,PROPERTY DAMAGE AND ENVIRONMENTAL,SERIOUS CRIMINAL TRESPASS
GLYNDE,538,THEFT AND RELATED OFFENCES,PROPERTY DAMAGE AND ENVIRONMENTAL,SERIOUS CRIMINAL TRESPASS
CLARENCE GARDENS,538,THEFT AND RELATED OFFENCES,PROPERTY DAMAGE AND ENVIRONMENTAL,SERIOUS CRIMINAL TRESPASS
WEST RICHMOND,525,THEFT AND RELATED OFFENCES,ACTS INTENDED TO CAUSE INJURY,PROPERTY DAMAGE AND ENVIRONMENTAL
GULFVIEW HEIGHTS,524,THEFT AND RELATED OFFENCES,PROPERTY DAMAGE AND ENVIRONMENTAL,ACTS INTENDED TO CAUSE INJURY
STIRLING,524,THEFT AND RELATED OFFENCES,PROPERTY DAMAGE AND ENVIRONMENTAL,SERIOUS CRIMINAL TRESPASS
WEST HINDMARSH,523,THEFT AND RELATED OFFENCES,PROPERTY DAMAGE AND ENVIRONMENTAL,SERIOUS CRIMINAL TRESPASS
SOUTH BRIGHTON,521,THEFT AND RELATED OFFENCES,PROPERTY DAMAGE AND ENVIRONMENTAL,ACTS INTENDED TO CAUSE INJURY
HENDON,518,THEFT AND RELATED OFFENCES,PROPERTY DAMAGE AND ENVIRONMENTAL,ACTS INTENDED TO CAUSE INJURY
REGENCY PARK,518,THEFT AND RELATED OFFENCES,SERIOUS CRIMINAL TRESPASS,PROPERTY DAMAGE AND ENVIRONMENTAL
DIREK,515,THEFT AND RELATED OFFENCES,PROPERTY DAMAGE AND ENVIRONMENTAL,SERIOUS CRIMINAL TRESPASS
FREWVILLE,510,THEFT AND RELATED OFFENCES,PROPERTY DAMAGE AND ENVIRONMENTAL,SERIOUS CRIMINAL TRESPASS
SEACLIFF,510,THEFT AND RELATED OFFENCES,PROPERTY DAMAGE AND ENVIRONMENTAL,ACTS INTENDED TO CAUSE INJURY
KENSINGTON,508,THEFT AND RELATED OFFENCES,PROPERTY DAMAGE AND ENVIRONMENTAL,ACTS INTENDED TO CAUSE INJURY
ETHELTON,507,THEFT AND RELATED OFFENCES,PROPERTY DAMAGE AND ENVIRONMENTAL,ACTS INTENDED TO CAUSE INJURY
COLLINSWOOD,501,THEFT AND RELATED OFFENCES,PROPERTY DAMAGE AND ENVIRONMENTAL,SERIOUS CRIMINAL TRESPASS
KESWICK,495,THEFT AND RELATED OFFENCES,PROPERTY DAMAGE AND ENVIRONMENTAL,SERIOUS CRIMINAL TRESPASS
VALE PARK,494,THEFT AND RELATED OFFENCES,SERIOUS CRIMINAL TRESPASS,PROPERTY DAMAGE AND ENVIRONMENTAL
FAIRVIEW PARK,472,THEFT AND RELATED OFFENCES,ACTS INTENDED TO CAUSE INJURY,PROPERTY DAMAGE AND ENVIRONMENTAL
TRINITY GARDENS,469,THEFT AND RELATED OFFENCES,SERIOUS CRIMINAL TRESPASS,PROPERTY DAMAGE AND ENVIRONMENTAL
HAMPSTEAD GARDENS,469,THEFT AND RELATED OFFENCES,SERIOUS CRIMINAL TRESPASS,PROPERTY DAMAGE AND ENVIRONMENTAL
LINDEN PARK,463,THEFT AND RELATED OFFENCES,SERIOUS CRIMINAL TRESPASS,PROPERTY DAMAGE AND ENVIRONMENTAL
GAWLER WEST,462,PROPERTY DAMAGE AND ENVIRONMENTAL,ACTS INTENDED TO CAUSE INJURY,THEFT AND RELATED OFFENCES
PAYNEHAM,460,THEFT AND RELATED OFFENCES,SERIOUS CRIMINAL TRESPASS,PROPERTY DAMAGE AND ENVIRONMENTAL
DAW PARK,458,THEFT AND RELATED OFFENCES,ACTS INTENDED TO CAUSE INJURY,PROPERTY DAMAGE AND ENVIRONMENTAL
EDEN HILLS,454,PROPERTY DAMAGE AND ENVIRONMENTAL,THEFT AND RELATED OFFENCES,ACTS INTENDED TO CAUSE INJURY
EVANDALE,448,THEFT AND RELATED OFFENCES,SERIOUS CRIMINAL TRESPASS,PROPERTY DAMAGE AND ENVIRONMENTAL
NAIRNE,447,ACTS INTENDED TO CAUSE INJURY,THEFT AND RELATED OFFENCES,PROPERTY DAMAGE AND ENVIRONMENTAL
TOORAK GARDENS,442,THEFT AND RELATED OFFENCES,SERIOUS CRIMINAL TRESPASS,PROPERTY DAMAGE AND ENVIRONMENTAL
TONSLEY,438,THEFT AND RELATED OFFENCES,PROPERTY DAMAGE AND ENVIRONMENTAL,SERIOUS CRIMINAL TRESPASS
COWANDILLA,434,THEFT AND RELATED OFFENCES,PROPERTY DAMAGE AND ENVIRONMENTAL,ACTS INTENDED TO CAUSE INJURY
PANORAMA,432,THEFT AND RELATED OFFENCES,PROPERTY DAMAGE AND ENVIRONMENTAL,SERIOUS CRIMINAL TRESPASS
MYRTLE BANK,432,THEFT AND RELATED OFFENCES,SERIOUS CRIMINAL TRESPASS,PROPERTY DAMAGE AND ENVIRONMENTAL
THORNGATE,432,THEFT AND RELATED OFFENCES,THEFT,SERIOUS CRIMINAL TRESPASS
BANKSIA PARK,425,THEFT AND RELATED OFFENCES,ACTS INTENDED TO CAUSE INJURY,PROPERTY DAMAGE AND ENVIRONMENTAL
SELLICKS BEACH,424,ACTS INTENDED TO CAUSE INJURY,THEFT AND RELATED OFFENCES,PROPERTY DAMAGE AND ENVIRONMENTAL
COLONEL LIGHT GARDENS,414,THEFT AND RELATED OFFENCES,PROPERTY DAMAGE AND ENVIRONMENTAL,SERIOUS CRIMINAL TRESPASS
DUDLEY PARK,409,THEFT AND RELATED OFFENCES,ACTS INTENDED TO CAUSE INJURY,PROPERTY DAMAGE AND ENVIRONMENTAL
MEDINDIE,408,THEFT AND RELATED OFFENCES,SERIOUS CRIMINAL TRESPASS,PROPERTY DAMAGE AND ENVIRONMENTAL
HYDE PARK,407,THEFT AND RELATED OFFENCES,SERIOUS CRIMINAL TRESPASS,PROPERTY DAMAGE AND ENVIRONMENTAL
FORESTVILLE,406,THEFT AND RELATED OFFENCES,PROPERTY DAMAGE AND ENVIRONMENTAL,SERIOUS CRIMINAL TRESPASS
MILLSWOOD,402,THEFT AND RELATED OFFENCES,PROPERTY DAMAGE AND ENVIRONMENTAL,SERIOUS CRIMINAL TRESPASS
MAYLANDS,401,THEFT AND RELATED OFFENCES,PROPERTY DAMAGE AND ENVIRONMENTAL,SERIOUS CRIMINAL TRESPASS
WESTBOURNE PARK,401,THEFT AND RELATED OFFENCES,SERIOUS CRIMINAL TRESPASS,PROPERTY DAMAGE AND ENVIRONMENTAL
NEW PORT,394,THEFT AND RELATED OFFENCES,SERIOUS CRIMINAL TRESPASS,PROPERTY DAMAGE AND ENVIRONMENTAL
ASHFORD,390,THEFT AND RELATED OFFENCES,PROPERTY DAMAGE AND ENVIRONMENTAL,SERIOUS CRIMINAL TRESPASS
EVERARD PARK,381,THEFT AND RELATED OFFENCES,PROPERTY DAMAGE AND ENVIRONMENTAL,SERIOUS CRIMINAL TRESPASS
PORT WILLUNGA,376,THEFT AND RELATED OFFENCES,SERIOUS CRIMINAL TRESPASS,PROPERTY DAMAGE AND ENVIRONMENTAL
WILLUNGA,372,THEFT AND RELATED OFFENCES,PROPERTY DAMAGE AND ENVIRONMENTAL,ACTS INTENDED TO CAUSE INJURY
SEMAPHORE SOUTH,370,THEFT AND RELATED OFFENCES,PROPERTY DAMAGE AND ENVIRONMENTAL,SERIOUS CRIMINAL TRESPASS
BURNSIDE,363,THEFT AND RELATED OFFENCES,PROPERTY DAMAGE AND ENVIRONMENTAL,SERIOUS CRIMINAL TRESPASS
ROSE PARK,350,THEFT AND RELATED OFFENCES,SERIOUS CRIMINAL TRESPASS,PROPERTY DAMAGE AND ENVIRONMENTAL
KENSINGTON PARK,344,THEFT AND RELATED OFFENCES,SERIOUS CRIMINAL TRESPASS,PROPERTY DAMAGE AND ENVIRONMENTAL
GLANVILLE,343,THEFT AND RELATED OFFENCES,PROPERTY DAMAGE AND ENVIRONMENTAL,ACTS INTENDED TO CAUSE INJURY
BEAUMONT,343,THEFT AND RELATED OFFENCES,SERIOUS CRIMINAL TRESPASS,PROPERTY DAMAGE AND ENVIRONMENTAL
NETLEY,342,THEFT AND RELATED OFFENCES,PROPERTY DAMAGE AND ENVIRONMENTAL,ACTS INTENDED TO CAUSE INJURY
DULWICH,336,THEFT AND RELATED OFFENCES,PROPERTY DAMAGE AND ENVIRONMENTAL,SERIOUS CRIMINAL TRESPASS
GREEN FIELDS,336,THEFT AND RELATED OFFENCES,PROPERTY DAMAGE AND ENVIRONMENTAL,SERIOUS CRIMINAL TRESPASS
LITTLEHAMPTON,335,THEFT AND RELATED OFFENCES,ACTS INTENDED TO CAUSE INJURY,PROPERTY DAMAGE AND ENVIRONMENTAL
REYNELLA EAST,328,THEFT AND RELATED OFFENCES,ACTS INTENDED TO CAUSE INJURY,PROPERTY DAMAGE AND ENVIRONMENTAL
KENSINGTON GARDENS,327,THEFT AND RELATED OFFENCES,PROPERTY DAMAGE AND ENVIRONMENTAL,SERIOUS CRIMINAL TRESPASS
HAHNDORF,326,THEFT AND RELATED OFFENCES,PROPERTY DAMAGE AND ENVIRONMENTAL,ACTS INTENDED TO CAUSE INJURY
PAYNEHAM SOUTH,325,THEFT AND RELATED OFFENCES,ACTS INTENDED TO CAUSE INJURY,PROPERTY DAMAGE AND ENVIRONMENTAL
MARINO,305,THEFT AND RELATED OFFENCES,PROPERTY DAMAGE AND ENVIRONMENTAL,SERIOUS CRIMINAL TRESPASS
ALDGATE,301,THEFT AND RELATED OFFENCES,PROPERTY DAMAGE AND ENVIRONMENTAL,SERIOUS CRIMINAL TRESPASS
ROYSTON PARK,298,THEFT AND RELATED OFFENCES,SERIOUS CRIMINAL TRESPASS,PROPERTY DAMAGE AND ENVIRONMENTAL
GILLMAN,296,THEFT AND RELATED OFFENCES,PROPERTY DAMAGE AND ENVIRONMENTAL,SERIOUS CRIMINAL TRESPASS
MITCHAM,292,THEFT AND RELATED OFFENCES,PROPERTY DAMAGE AND ENVIRONMENTAL,ACTS INTENDED TO CAUSE INJURY
ONKAPARINGA HILLS,289,THEFT AND RELATED OFFENCES,PROPERTY DAMAGE AND ENVIRONMENTAL,SERIOUS CRIMINAL TRESPASS
HAZELWOOD PARK,280,THEFT AND RELATED OFFENCES,PROPERTY DAMAGE AND ENVIRONMENTAL,SERIOUS CRIMINAL TRESPASS
NETHERBY,272,THEFT AND RELATED OFFENCES,PROPERTY DAMAGE AND ENVIRONMENTAL,SERIOUS CRIMINAL TRESPASS
UNLEY PARK,271,THEFT AND RELATED OFFENCES,SERIOUS CRIMINAL TRESPASS,PROPERTY DAMAGE AND ENVIRONMENTAL
WOODSIDE,269,THEFT AND RELATED OFFENCES,PROPERTY DAMAGE AND ENVIRONMENTAL,ACTS INTENDED TO CAUSE INJURY
TENNYSON,264,THEFT AND RELATED OFFENCES,SERIOUS CRIMINAL TRESPASS,PROPERTY DAMAGE AND ENVIRONMENTAL
TROTT PARK,264,ACTS INTENDED TO CAUSE INJURY,THEFT AND RELATED OFFENCES,PROPERTY DAMAGE AND ENVIRONMENTAL
BEULAH PARK,262,THEFT AND RELATED OFFENCES,SERIOUS CRIMINAL TRESPASS,PROPERTY DAMAGE AND ENVIRONMENTAL
BRIDGEWATER,257,THEFT AND RELATED OFFENCES,ACTS INTENDED TO CAUSE INJURY,PROPERTY DAMAGE AND ENVIRONMENTAL
SEAFORD HEIGHTS,257,THEFT AND RELATED OFFENCES,PROPERTY DAMAGE AND ENVIRONMENTAL,SERIOUS CRIMINAL TRESPASS
MANNINGHAM,250,THEFT AND RELATED OFFENCES,PROPERTY DAMAGE AND ENVIRONMENTAL,SERIOUS CRIMINAL TRESPASS
SEACOMBE HEIGHTS,249,THEFT AND RELATED OFFENCES,PROPERTY DAMAGE AND ENVIRONMENTAL,SERIOUS CRIMINAL TRESPASS
LOWER MITCHAM,245,THEFT AND RELATED OFFENCES,PROPERTY DAMAGE AND ENVIRONMENTAL,SERIOUS CRIMINAL TRESPASS
HIGHGATE,243,THEFT AND RELATED OFFENCES,SERIOUS CRIMINAL TRESPASS,PROPERTY DAMAGE AND ENVIRONMENTAL
ST MORRIS,242,THEFT AND RELATED OFFENCES,PROPERTY DAMAGE AND ENVIRONMENTAL,SERIOUS CRIMINAL TRESPASS
CRAFERS,235,THEFT AND RELATED OFFENCES,SERIOUS CRIMINAL TRESPASS,PROPERTY DAMAGE AND ENVIRONMENTAL
CLAPHAM,223,THEFT AND RELATED OFFENCES,SERIOUS CRIMINAL TRESPASS,PROPERTY DAMAGE AND ENVIRONMENTAL
COROMANDEL VALLEY,215,THEFT AND RELATED OFFENCES,ACTS INTENDED TO CAUSE INJURY,PROPERTY DAMAGE AND ENVIRONMENTAL
COLLEGE PARK,213,THEFT AND RELATED OFFENCES,SERIOUS CRIMINAL TRESPASS,PROPERTY DAMAGE AND ENVIRONMENTAL
LOBETHAL,211,ACTS INTENDED TO CAUSE INJURY,THEFT AND RELATED OFFENCES,PROPERTY DAMAGE AND ENVIRONMENTAL
LEABROOK,203,THEFT AND RELATED OFFENCES,SERIOUS CRIMINAL TRESPASS,PROPERTY DAMAGE AND ENVIRONMENTAL
HAWTHORNDENE,200,PROPERTY DAMAGE AND ENVIRONMENTAL,THEFT AND RELATED OFFENCES,ACTS INTENDED TO CAUSE INJURY
TUSMORE,198,THEFT AND RELATED OFFENCES,SERIOUS CRIMINAL TRESPASS,PROPERTY DAMAGE AND ENVIRONMENTAL
CRAIGBURN FARM,194,THEFT AND RELATED OFFENCES,SERIOUS CRIMINAL TRESPASS,ACTS INTENDED TO CAUSE INJURY
MEADOWS,194,THEFT AND RELATED OFFENCES,ACTS INTENDED TO CAUSE INJURY,PROPERTY DAMAGE AND ENVIRONMENTAL
BALHANNAH,194,THEFT AND RELATED OFFENCES,PROPERTY DAMAGE AND ENVIRONMENTAL,ACTS INTENDED TO CAUSE INJURY
ST GEORGES,194,THEFT AND RELATED OFFENCES,SERIOUS CRIMINAL TRESPASS,PROPERTY DAMAGE AND ENVIRONMENTAL
EVANSTON SOUTH,191,THEFT AND RELATED OFFENCES,PROPERTY DAMAGE AND ENVIRONMENTAL,SERIOUS CRIMINAL TRESPASS
WOODFORDE,188,THEFT AND RELATED OFFENCES,PROPERTY DAMAGE AND ENVIRONMENTAL,SERIOUS CRIMINAL TRESPASS
BELLEVUE HEIGHTS,186,PROPERTY DAMAGE AND ENVIRONMENTAL,THEFT AND RELATED OFFENCES,ACTS INTENDED TO CAUSE INJURY
WATTLE PARK,184,THEFT AND RELATED OFFENCES,SERIOUS CRIMINAL TRESPASS,PROPERTY DAMAGE AND ENVIRONMENTAL
JOSLIN,180,THEFT AND RELATED OFFENCES,SERIOUS CRIMINAL TRESPASS,PROPERTY DAMAGE AND ENVIRONMENTAL
MASLIN BEACH,178,ACTS INTENDED TO CAUSE INJURY,THEFT AND RELATED OFFENCES,PROPERTY DAMAGE AND ENVIRONMENTAL
BIRDWOOD,178,THEFT AND RELATED OFFENCES,PROPERTY DAMAGE AND ENVIRONMENTAL,ACTS INTENDED TO CAUSE INJURY
KINGSTON PARK,172,THEFT AND RELATED OFFENCES,PROPERTY DAMAGE AND ENVIRONMENTAL,ACTS INTENDED TO CAUSE INJURY
ERINDALE,166,THEFT AND RELATED OFFENCES,SERIOUS CRIMINAL TRESPASS,PROPERTY DAMAGE AND ENVIRONMENTAL
HILLIER,164,THEFT AND RELATED OFFENCES,PROPERTY DAMAGE AND ENVIRONMENTAL,SERIOUS CRIMINAL TRESPASS
ONE TREE HILL,158,THEFT AND RELATED OFFENCES,PROPERTY DAMAGE AND ENVIRONMENTAL,ACTS INTENDED TO CAUSE INJURY
KINGS PARK,149,THEFT AND RELATED OFFENCES,PROPERTY DAMAGE AND ENVIRONMENTAL,SERIOUS CRIMINAL TRESPASS
MARRYATVILLE,144,THEFT AND RELATED OFFENCES,PROPERTY DAMAGE AND ENVIRONMENTAL,SERIOUS CRIMINAL TRESPASS
MUNNO PARA DOWNS,138,THEFT AND RELATED OFFENCES,SERIOUS CRIMINAL TRESPASS,PROPERTY DAMAGE AND ENVIRONMENTAL
GLENALTA,134,THEFT AND RELATED OFFENCES,ACTS INTENDED TO CAUSE INJURY,SERIOUS CRIMINAL TRESPASS
FITZROY,131,THEFT AND RELATED OFFENCES,PROPERTY DAMAGE AND ENVIRONMENTAL,SERIOUS CRIMINAL TRESPASS
URRBRAE,131,THEFT AND RELATED OFFENCES,PROPERTY DAMAGE AND ENVIRONMENTAL,SERIOUS CRIMINAL TRESPASS
RIVERLEA PARK,130,THEFT AND RELATED OFFENCES,ACTS INTENDED TO CAUSE INJURY,SERIOUS CRIMINAL TRESPASS
ROSSLYN PARK,129,THEFT AND RELATED OFFENCES,SERIOUS CRIMINAL TRESPASS,PROPERTY DAMAGE AND ENVIRONMENTAL
MACCLESFIELD,125,ACTS INTENDED TO CAUSE INJURY,THEFT AND RELATED OFFENCES,PROPERTY DAMAGE AND ENVIRONMENTAL
ST KILDA,122,THEFT AND RELATED OFFENCES,PROPERTY DAMAGE AND ENVIRONMENTAL,ACTS INTENDED TO CAUSE INJURY
VISTA,121,THEFT AND RELATED OFFENCES,PROPERTY DAMAGE AND ENVIRONMENTAL,ACTS INTENDED TO CAUSE INJURY
KERSBROOK,115,THEFT AND RELATED OFFENCES,ACTS INTENDED TO CAUSE INJURY,SERIOUS CRIMINAL TRESPASS
HEATHFIELD,113,THEFT AND RELATED OFFENCES,PROPERTY DAMAGE AND ENVIRONMENTAL,ACTS INTENDED TO CAUSE INJURY
CLARENDON,112,PROPERTY DAMAGE AND ENVIRONMENTAL,SERIOUS CRIMINAL TRESPASS,THEFT AND RELATED OFFENCES
CALLINGTON,109,ACTS INTENDED TO CAUSE INJURY,THEFT AND RELATED OFFENCES,PROPERTY DAMAGE AND ENVIRONMENTAL
STONYFELL,108,THEFT AND RELATED OFFENCES,SERIOUS CRIMINAL TRESPASS,PROPERTY DAMAGE AND ENVIRONMENTAL
SPRINGFIELD,97,SERIOUS CRIMINAL TRESPASS,THEFT AND RELATED OFFENCES,PROPERTY DAMAGE AND ENVIRONMENTAL
KANGARILLA,96,THEFT AND RELATED OFFENCES,ACTS INTENDED TO CAUSE INJURY,PROPERTY DAMAGE AND ENVIRONMENTAL
MCLAREN FLAT,95,THEFT AND RELATED OFFENCES,PROPERTY DAMAGE AND ENVIRONMENTAL,SERIOUS CRIMINAL TRESPASS
HEATHPOOL,87,THEFT AND RELATED OFFENCES,SERIOUS CRIMINAL TRESPASS,PROPERTY DAMAGE AND ENVIRONMENTAL
CRAFERS WEST,86,THEFT AND RELATED OFFENCES,PROPERTY DAMAGE AND ENVIRONMENTAL,SERIOUS CRIMINAL TRESPASS
UPPER STURT,85,PROPERTY DAMAGE AND ENVIRONMENTAL,ACTS INTENDED TO CAUSE INJURY,OTHER OFFENCES AGAINST THE PERSON
ECHUNGA,84,SERIOUS CRIMINAL TRESPASS,THEFT AND RELATED OFFENCES,PROPERTY DAMAGE AND ENVIRONMENTAL
GUMERACHA,83,THEFT AND RELATED OFFENCES,PROPERTY DAMAGE AND ENVIRONMENTAL,SERIOUS CRIMINAL TRESPASS
MYLOR,72,THEFT AND RELATED OFFENCES,ACTS INTENDED TO CAUSE INJURY,PROPERTY DAMAGE AND ENVIRONMENTAL
KANMANTOO,71,ACTS INTENDED TO CAUSE INJURY,THEFT AND RELATED OFFENCES,SERIOUS CRIMINAL TRESPASS
AULDANA,67,THEFT AND RELATED OFFENCES,SERIOUS CRIMINAL TRESPASS,ACTS INTENDED TO CAUSE INJURY
LEAWOOD GARDENS,64,SERIOUS CRIMINAL TRESPASS,THEFT AND RELATED OFFENCES,PROPERTY DAMAGE AND ENVIRONMENTAL
MEDINDIE GARDENS,63,THEFT AND RELATED OFFENCES,SERIOUS CRIMINAL TRESPASS,PROPERTY DAMAGE AND ENVIRONMENTAL
OAKBANK,63,ACTS INTENDED TO CAUSE INJURY,THEFT AND RELATED OFFENCES,FRAUD DECEPTION AND RELATED OFFENCES
TERINGIE,60,THEFT AND RELATED OFFENCES,ACTS INTENDED TO CAUSE INJURY,PROPERTY DAMAGE AND ENVIRONMENTAL
REID,56,PROPERTY DAMAGE AND ENVIRONMENTAL,ACTS INTENDED TO CAUSE INJURY,THEFT AND RELATED OFFENCES
MOUNT OSMOND,54,PROPERTY DAMAGE AND ENVIRONMENTAL,SERIOUS CRIMINAL TRESPASS,ACTS INTENDED TO CAUSE INJURY
WILLUNGA SOUTH,54,SERIOUS CRIMINAL TRESPASS,THEFT AND RELATED OFFENCES,PROPERTY DAMAGE AND ENVIRONMENTAL
MOUNT TORRENS,52,ACTS INTENDED TO CAUSE INJURY,PROPERTY DAMAGE AND ENVIRONMENTAL,THEFT AND RELATED OFFENCES
LYNTON,48,ACTS INTENDED TO CAUSE INJURY,THEFT AND RELATED OFFENCES,PROPERTY DAMAGE AND ENVIRONMENTAL
CHANDLERS HILL,45,ACTS INTENDED TO CAUSE INJURY,THEFT AND RELATED OFFENCES,SERIOUS CRIMINAL TRESPASS
BASKET RANGE,45,PROPERTY DAMAGE AND ENVIRONMENTAL,ACTS INTENDED TO CAUSE INJURY,THEFT AND RELATED OFFENCES
SUMMERTOWN,44,SERIOUS CRIMINAL TRESPASS,ACTS INTENDED TO CAUSE INJURY,PROPERTY DAMAGE AND ENVIRONMENTAL
INGLEWOOD,42,SERIOUS CRIMINAL TRESPASS,PROPERTY DAMAGE AND ENVIRONMENTAL,THEFT AND RELATED OFFENCES
URAIDLA,42,PROPERTY DAMAGE AND ENVIRONMENTAL,ACTS INTENDED TO CAUSE INJURY,THEFT AND RELATED OFFENCES
ASHTON,41,SERIOUS CRIMINAL TRESPASS,THEFT AND RELATED OFFENCES,PROPERTY DAMAGE AND ENVIRONMENTAL
LENSWOOD,38,THEFT AND RELATED OFFENCES,PROPERTY DAMAGE AND ENVIRONMENTAL,SERIOUS CRIMINAL TRESPASS
YATALA VALE,36,THEFT AND RELATED OFFENCES,SERIOUS CRIMINAL TRESPASS,ACTS INTENDED TO CAUSE INJURY
ONKAPARINGA HEIGHTS,36,ACTS INTENDED TO CAUSE INJURY,PROPERTY DAMAGE AND ENVIRONMENTAL,THEFT AND RELATED OFFENCES
NORTON SUMMIT,35,SERIOUS CRIMINAL TRESPASS,THEFT AND RELATED OFFENCES,PROPERTY DAMAGE AND ENVIRONMENTAL
SKYE,33,SERIOUS CRIMINAL TRESPASS,THEFT AND RELATED OFFENCES,PROPERTY DAMAGE AND ENVIRONMENTAL
CAREY GULLY,30,ACTS INTENDED TO CAUSE INJURY,THEFT AND RELATED OFFENCES,SERIOUS CRIMINAL TRESPASS
GREENHILL,28,THEFT AND RELATED OFFENCES,SERIOUS CRIMINAL TRESPASS,PROPERTY DAMAGE AND ENVIRONMENTAL
MONTACUTE,24,ACTS INTENDED TO CAUSE INJURY,THEFT AND RELATED OFFENCES,PROPERTY DAMAGE AND ENVIRONMENTAL
PICCADILLY,24,PROPERTY DAMAGE AND ENVIRONMENTAL,SERIOUS CRIMINAL TRESPASS,THEFT AND RELATED OFFENCES
WATERFALL GULLY,23,THEFT AND RELATED OFFENCES,PROPERTY DAMAGE AND ENVIRONMENTAL,ACTS INTENDED TO CAUSE INJURY
SCOTT CREEK,21,SERIOUS CRIMINAL TRESPASS,THEFT AND RELATED OFFENCES,PROPERTY DAMAGE AND ENVIRONMENTAL
IRONBANK,20,FRAUD DECEPTION AND RELATED OFFENCES,PROPERTY DAMAGE AND ENVIRONMENTAL,ACTS INTENDED TO CAUSE INJURY
FOREST RANGE,19,ACTS INTENDED TO CAUSE INJURY,OTHER OFFENCES AGAINST THE PERSON,PROPERTY DAMAGE AND ENVIRONMENTAL
MOUNT GEORGE,19,THEFT AND RELATED OFFENCES,PROPERTY DAMAGE AND ENVIRONMENTAL,SERIOUS CRIMINAL TRESPASS
CHARLESTON,15,ACTS INTENDED TO CAUSE INJURY,PROPERTY DAMAGE AND ENVIRONMENTAL,FRAUD DECEPTION AND RELATED OFFENCES
BRADBURY,13,THEFT AND RELATED OFFENCES,FRAUD DECEPTION AND RELATED OFFENCES,ACTS INTENDED TO CAUSE INJURY
LONGWOOD,12,SERIOUS CRIMINAL TRESPASS,ACTS INTENDED TO CAUSE INJURY,OTHER OFFENCES AGAINST THE PERSON
CHERRYVILLE,5,ACTS INTENDED TO CAUSE INJURY,THEFT AND RELATED OFFENCES,FRAUD AND RELATED OFFENCES
MARBLE HILL,1,SERIOUS CRIMINAL TRESPASS,ACTS INTENDED TO CAUSE INJURY,PROPERTY DAMAGE
